	cis traditional + specific	cis specific only	cis traditional + generic	gem traditional + specific	gem specific only	gem traditional + generic	cis-gem traditional + specific	cis-gem specific only	cis-gem traditional + generic
0	ZNF736		ILDR2	ZNF736	TMEM26.AS1	MAMSTR	ZNF334		ALDH2
1	ZNF91		PGAM2	TBC1D9		ATM	ZNF71		PELI1
2	FAM184B		HEY1	DNAJC12		PELI1	MIR99AHG		LINC00888
3	IDI2		DOCK2	TSHZ3		LINC00888	PIK3CG		CRNDE
4	ARHGAP19.SLIT1		KCNAB3	CHST9		CRNDE	PCDH17		NID1
5	ST3GAL1		ZKSCAN1	PTPN22		RCN3	THSD7A		RCN3
6	ZFP28		ANO4	ZNF610		SYPL2	TCF15		PGAM2
7	RBBP8		CEMIP	ELFN1.AS1		PGAM2	MALRD1		RNF112
8			SHANK1	NCAM2		TNFSF12	MS4A12		TMEM40
9			CPAMD8	LINC00662		RNF112	KCNH5		DOCK2
10			GNB3	CREB5		CYB5R4	ZFP28		MERTK
11			NPAS2	NUP98		KCNAB3	SLC36A4		EFHD1
12			PPM1H	BCHE		EFHD1	LINC00662		KCNAB3
13			NAPRT	ZNF214		SERPINI1	ZNF569		ZKSCAN1
14			CITED1	ZNF215		QPCT			SERPINI1
15			JPH3	AIM2		SHANK1			QPCT
16			BEX2	ZNF418		GNB3			CPAMD8
17			TIRAP	ZNF71		NAPRT			GNB3
18			TUBB4A	IPO5P1		CITED1			NPAS2
19			ADAMTS5	PELI2		BEX2			NAPRT
20			GAS1	ZFP28		MMD			CITED1
21			HCK	AADACP1		TIRAP			JPH3
22			RPL27	ZNF528.AS1		STK38L			BEX2
23			MMGT1			TUBB4A			TIRAP
24			PDGFD			SLC7A2			TUBB4A
25			TBX1			ADAMTS5			ADAMTS5
26			MGST1			GAS1			GAS1
27			PLOD2			ZNF681			HCK
28			MTHFD2L			PDGFD			LIF
29			ADCYAP1R1			HERC5			PDGFD
30			COX7B			TEAD4			HERC5
31			IQCE			MOK			DND1
32			CT62			MUC5AC			GPR20
33			RNF150			LIX1L			MUC5AC
34			CFAP58			ITGAM			LIX1L
35			CARNS1			PLOD2			ITGAM
36			ISG15			ADCYAP1R1			NTN1
37			SLC18A2			FITM2			PLOD2
38			LPXN			CRIP2			ADCYAP1R1
39			CENPV			CCDC88C			LPAR2
40			ZNF528			ERICH5			CCDC191
41			HACD1			TRIO			CCDC88C
42			NCF4			SC5D			IQCE
43			POP1			MGAT4A			ERICH5
44			MAPK13			SNAI3			CT62
45			HHIP.AS1			CRYM			TSTD1
46			RAD51AP1			CARNS1			SNAI3
47			FA2H			ISG15			CRYM
48			PSMD10			STIM1			ISG15
49			AQP3			LPXN			STIM1
50			LURAP1L			NYNRIN			LPXN
51			CA12			CCDC144NL.AS1			CCDC144NL.AS1
52			CHD5			SRXN1			SRXN1
53			SULT1C2			ZNF528			ADAM33
54			KRBOX1			TACSTD2			ITGA7
55			SLC22A1			ADAM33			DMD
56			IGFN1			SLC16A9			PAX8
57			DNAH11			DMD			MAPK13
58			HOXA3			EYA1			HHIP.AS1
59			ARSG			LAMC2			TMEM63C
60			PCDHGA10			POP1			AGAP2
61			LINC00662			MAPK13			FAM89A
62			CD1D			HHIP.AS1			AQP3
63			ZNF493			TLE4			SMPDL3B
64			HS6ST3			TMEM63C			CA12
65			IQCA1			SNX33			SULT1C2
66			CA10			AGAP2			HLA.DPB1
67			LHFPL1			AQP3			KRBOX1
68			NFIB			PCSK1			CREBRF
69			NR0B1			SULT1C2			IFIT1
70			FOXA1			HLA.DPB1			CCDC169
71			SLC38A4			IFIT1			OXCT2
72			MAG			IGFN1			HOXA3
73			TRMT12			SNCAIP			CHST9
74			AUTS2			GCNT1			RAB39B
75			B3GALNT1			OXCT2			NRGN
76			TMEM59L			DNAH11			JDP2
77			RELL2			HOXA3			NDC80
78			HMGCS2			RAB39B			ZNF395
79			NFKBIE			NRGN			PSMB1
80			SLAMF9			MAP1LC3B			DUSP1
81			FBXO10			PKP3			SIPA1
82			ZMAT1			PSMB1			FBLN7
83			TP53INP1			DUSP1			SIX2
84			QPCTL			SIX2			NEIL3
85			SLC29A4			LRRC6			RPS6KA2
86			APOC1			LINC00261			LRRC6
87			SLC6A15			PLAC9			LGI2
88			GAL3ST1			SBF2.AS1			IQCA1
89			PRR36			FREM2			LHFPL1
90			PIP5K1C			SLC44A5			KIFAP3
91			SLC34A3			NR0B1			NFIB
92			EVA1A			FOXA1			ITGA3
93			HIF3A			SLC38A4			SLC38A4
94			CCL5			PRRC2B			PNCK
95			AKAP3			ATP2B4			CCR10
96			PNPO			MAG			MAG
97			ZNF268			TRMT12			FBP1
98			KRT75			FBP1			ALS2CL
99			PDE7B			ALS2CL			DPYSL3
100			MYLK			AUTS2			TARBP2
101			ARAP3			DPYSL3			NIPAL2
102			ISOC1			NIPAL2			MAPK4
103			SYT13			SMTN			NFKBIE
104			ESM1			RAB30			CD8B
105			ITGAE			COL28A1			RAB30
106			AADACP1			MDGA2			SLAMF9
107			PDE4A			SLC29A4			TP53INP1
108			RNF139			APOC1			MIDN
109			ELF3			CHRD			APOC1
110			IFI35			PSTK			ABHD17C
111			FRMD3			TPSG1			GAL3ST1
112			AURKB			ABHD17C			SLC6A15
113			EFNA5			GAL3ST1			PPP4R4
114			AMIGO2			SLC6A15			EVA1A
115			ST14			PPP4R4			SLC34A3
116			CACNA2D2			GPLD1			GLI3
117			HPN			SLC34A3			ZNF876P
118			ITPR1			EVA1A			TXNRD1
119			ADRA1B			PRDM6			CCL5
120			CCDC184			TXNRD1			PIK3IP1
121			MIR99AHG			MIEF1			PNPO
122			EFCAB1			CCL5			KLF11
123			CXCL2			DEPDC7			PDE7B
124			IFIT2			PIK3IP1			MDGA1
125			COL4A2			ZNF268			MYLK
126			ZNF708			MRPL47			WDR77
127			SLC37A2			PDE7B			POMC
128			CCDC71L			FAM81A			SYT13
129			KRT20			MYLK			ESM1
130			TRIML1			ARAP3			FAM76B
131			UBXN10			ISOC1			PCAT6
132			KCNB1			CDH18			ITGAE
133			SLC1A3			SYT13			NEB
134			TMEM63A			ROPN1L			LOXL1
135			KCNT2			NEB			AK7
136			GAS5			TMEM45B			IFT140
137			PLA2G7			TBPL1			AADACP1
138			HTR2C			RNF139			TSNARE1
139			LINC00472			ELF3			SSTR5.AS1
140			PPP2CA			IFI35			IFI35
141			ARSI			FRMD3			SLC26A7
142			GPR155			WASF3			FRMD3
143			HOXA13			VWA5B2			ELF3
144			TMEM151B			TSPYL4			NR4A1
145			GFI1			ANXA4			AURKB
146			MCC			TWIST1			HSD11B1L
147			ADAMTS20			AMIGO2			ANXA4
148			ASAP1			TCF15			ACSF2
149			LIPC			TDRP			DNAJA1
150			MYCBPAP			DNAJA1			AMIGO2
151			PTHLH			CACNA2D2			TDRP
152			ROBO2			ITPR1			CACNA2D2
153			MPZ			COL5A3			HPN
154			PHGDH			CCDC184			PTPN21
155			ZNF502			MIR99AHG			ITPR1
156			SOX21.AS1			PLIN5			PAQR8
157			UNC5A			FAHD2CP			PLIN5
158			FAM184A			EVPL			TTC12
159			SIL1			RAMP1			MAN2B2
160			SNX19			LSAMP.AS1			CDHR1
161			MKX			CHST15			LSAMP.AS1
162			RAB3IP			ANKRD19P			CHST15
163			STRA6			CLDN12			IFIT2
164			LRRN4			IFIT2			SLC37A2
165			EPHA6			COL4A2			TSLP
166			DERA			SLC37A2			KRT20
167			FLNC			CCDC71L			TRIML1
168			CAPZA1			FAM66C			DSG1
169			RARG			KRT20			UBXN10
170			NT5E			TRIML1			HES2
171			PTN			TMEM51.AS1			ALPK3
172			LINC00319			LYRM7			PLA2G7
173			CD58			MAN1A1			LINC00472
174			CSNK1G3			MICU3			SEMA7A
175			RAB38			KHDRBS3			GPR155
176			LMO1			UBXN10			HOXA13
177			IL32			EXOC3.AS1			SPARCL1
178			GLB1L2			LINC00472			FAM225A
179			AQP4			SEMA7A			TMEM151B
180			HLX			SDHAF3			PLIN2
181			CGREF1			ARSI			DNAH7
182			SIKE1			HOXA13			BST1
183			COL12A1			EFHC2			TSACC
184			SEMA4B			FAM225A			RFPL1
185			SFTA1P			TMEM151B			NPFFR2
186			THRB			GFI1			ADAMTS20
187			TAC1			NPFFR2			ANKRD33
188			NPR3			ADAMTS20			ASAP1
189			ABCC4			ANKRD33			CUEDC1
190			SHC2			ASAP1			MYCBPAP
191			TWF1			CUEDC1			ZBTB45
192			NOVA1			HNF4A			ROBO2
193			ADM			ITGB3			MPZ
194			CNGB3			ROBO2			PHGDH
195			TFPI2			CD40			ZNF502
196			PPP2R2C			ZNF502			CACNA2D4
197			METAP2			CEL			SYT15
198			GPX3			CACNA2D4			SOX21.AS1
199			NPTX1			SYT15			HYAL1
200			TOX			SOX21.AS1			ARL9
201			FLG			HYAL1			SDSL
202			BATF			IFNGR1			PSTPIP1
203			MINCR			ZNF367			PLCH2
204			KRT14			HES5			MKX
205			CNBD2			ARL9			RAB3IP
206			SNHG17			PSTPIP1			VSNL1
207			MCEMP1			PLCH2			CPNE3
208			LAMP2			SLC7A4			STRA6
209			IL1A			RBPJ			EPHA6
210			PCDHB2			STRA6			CAB39
211			PLEKHM1			LRRN4			CAPZA1
212			TBC1D2			FCRLB			ALPP
213			KIF17			EPHA6			NDRG1
214			ADGRG1			FLNC			TMEM47
215			XPOT			ALPP			SCNN1G
216			AQP10			TMEM47			RNF149
217			PDE1A			SCNN1G			RARG
218			AP4B1			ENPP4			EPN3
219			ACSS1			MAMLD1			PTPN2
220			TRPV2			PRODH			NT5E
221			LRRK1			CSNK1G3			PRODH
222			CNR1			SYN1			CSNK1G3
223			FOXL2			LMO1			SYN1
224			ATL1			IL32			CD58
225			RGS9BP			GLB1L2			DISP1
226			NGFR			KRT5			LMO1
227			ICAM1			COL16A1			GLB1L2
228			PKHD1			CGREF1			KRT5
229			INSR			ARHGDIB			HLX
230			NLRP3			KANK1			CGREF1
231			MACC1			DHX58			KANK1
232			PPARA			CCDC146			ADAM21
233			ATF1			MYH9			SLC1A1
234			PDLIM1			ADAT3			SIKE1
235			DHRS9			TAC1			TRAPPC6A
236			UQCRQ			SFTA1P			DHX58
237			CD99L2			THRB			CCDC146
238			PTGES			TMCO4			COL12A1
239			OXTR			SNHG7			MYH9
240			GJA5			KCNH5			HGSNAT
241			ESYT3			ABCC4			ADAT3
242			S100P			ENDOG			VAMP5
243			RPS16			IQGAP1			ARPC1B
244			SIPA1L3			NOVA1			NECAB2
245			CD163L1			IGSF10			TAC1
246			TAPBPL			ADM			SFTA1P
247			TDG			TFPI2			WNT10B
248			KCNQ5			PPP2R2C			THRB
249			RHBDL2			MBNL3			ABCC4
250			SIRPB2			DNAJC19			LINC01204
251			NDUFA1			TOX			ENDOG
252			RYR2			FLG			CFAP43
253			POLR2G			ZNF331			IGSF10
254			TCN1			PPP1R3C			ADM
255			LTBP3			TMEM74			ANKRD37
256			PCSK5			BATF			PPP2R2C
257			SLC8A2			KCNMA1			METAP2
258			TBX22			KRT14			POM121L2
259			ZNF738			CNBD2			MGAT5B
260			PCDHAC1			PLCD3			NPTX1
261			GLDC			NEXN			GPX3
262			CCT2			IL1A			TOX
263			NR3C2			GMNC			FLG
264			FOSL2			PCDHB2			PLCD3
265			BMP2			SPOCD1			BATF
266			FUT9			TBC1D2			KCNMA1
267			TGM2			ZNF239			KRT14
268			DLGAP3			ADGRG1			CHODL
269			SOWAHA			AQP10			CNBD2
270			DIRAS2			PLEKHA4			IL1A
271			MACF1			PDE1A			GMNC
272			LUM			ACSS1			HYAL4
273			ADGRG2			PDE9A			PCDHB2
274			RAP1A			COL5A2			AATBC
275			NRG3			ADAM11			PLEKHM1
276			ZC3H12D			LRRK1			SPOCD1
277			ANKRD24			LINC00909			TBC1D2
278			RBM24			PIK3C2B			ARRDC3
279			IL7			REM1			LEFTY1
280			DPM3			ATL1			ADGRG1
281			SCGB3A2			RGS9BP			SERPINB2
282			SLC38A1			DUSP13			XPOT
283			KRT34			ICAM1			AQP10
284			BCAT1			KCNH8			PLEKHA4
285			CDH19			SLC6A17			PDE1A
286			ENDOD1			IGDCC3			AP4B1
287			KRT9			TRAK2			ACSS1
288			CWH43			MACC1			PAQR6
289			MME			NLRP3			TMEM8B
290			GPR27			THOC6			PBXIP1
291			ABCB6			PLAC8			COL5A2
292			ZFP3			PDLIM1			PRNP
293			NRG4			TMOD3			LRRK1
294			CTIF			CDKL2			CNR1
295			TRIM29			FGF2			REM1
296			SPOCK1			KCNH2			DLL4
297			SYT1			ANKRD33B			ARHGAP4
298			CAPN6			OXTR			ATL1
299			ZNF256			PTGES			RGS9BP
300			ORAI3			GJA5			ICAM1
301			SLC2A6			SIPA1L3			INSR
302			KIAA0040			F3			IRX3
303			ATP6V0A4			PPP1R2			SLC6A17
304			FAM102B			GFPT2			NLRP3
305			PDP1			TDG			PLAC8
306			OAS1			KCNQ5			MACC1
307			GPC3			RHBDL2			PPARA
308			STK26			LINC00880			WRAP53
309			SEC16A			NNT			FAM222A.AS1
310			ZNF608			PRICKLE2			MAGEA4
311			PTPN22			LTBP3			ATF1
312			MLPH			TTC22			SOCS3
313			SMC1B			PCSK5			MYT1
314			BCL9L			POLR2A			KDM1A
315			CDK14			CTSV			CDKL2
316			PARP14			GLDC			CACNB3
317			RNF126P1			SYK			IKBIP
318			PRDM16			FILIP1L			KCNH2
319			SPX			LPP.AS2			ANKRD33B
320			CAMK4			BMP2			OXTR
321			SNAI1			ARRDC1			GJA5
322			MMP1			GBA3			SIPA1L3
323			EGR4			PPP1R16B			ARHGEF4
324			NUP37			SOWAHA			GFPT2
325			TRIM7			GALNT13			TDG
326			PNPLA3			TUBB2B			KCNQ5
327			SARM1			MACF1			KLK8
328			METTL7A			LUM			RHBDL2
329			TMEM178B			ANK1			LINC00880
330			ATXN7L2			SCGB3A2			RYR2
331			ZNF781			GOLT1A			TCN1
332			PID1			SLC4A8			PCDHB5
333			MIR22HG			NPTXR			RPPH1
334			DNAJC12			CACNA1H			PRICKLE2
335			CECR2			ZDHHC8P1			LTBP3
336			SHROOM1			CXXC4			FCGBP
337			DDX47			CDH19			PCSK5
338			EYS			CCNO			ADIRF
339			EGFLAM			LRRCC1			SLC8A2
340			RASL11A			SCG3			PCDHAC1
341			FOXC2			EFS			GLDC
342			MYH15			CACNA1D			SYK
343			SLC16A1.AS1			KRT9			FOSL2
344			PRTG			MME			BMP2
345			CXCL8			TMPRSS11E			ARRDC1
346			PPP1R14C			ABCB6			SOWAHA
347			AXL			RWDD2A			PPP1R16B
348			CHST1			GALNT18			GALNT13
349			LIPA			GNB1L			TUBB2B
350			FRMD6.AS1			KREMEN2			IGFBPL1
351			EPB41L4A			SPOCK1			RAP1A
352			ADAMTS13			SYT1			ADGRG2
353			CDH2			CTSC			FRK
354			PSAT1			CAPN6			ANK1
355			PTH2			CAHM			ZC3H12D
356			SERPINA6			ZNF256			RBM24
357			ENG			LINC01503			SCGB3A2
358			FLT3LG			BEST1			GOLT1A
359			ALK			ORAI3			SLC4A8
360			ALDH1A1			N6AMT1			EGR1
361			BIRC3			BTN3A3			KRT34
362			SLC25A21.AS1			PCDH7			NPTXR
363			ATP2B2			FPGS			ZDHHC8P1
364			SLC24A2			KIAA0040			BCAT1
365			ITM2A			TOM1L2			GAS5.AS1
366			APLN			CTSE			CDH19
367			SMIM24			GPR143			TMEM63B
368			CST6			PRPH2			SMO
369			TRPV6			OAS1			LRRCC1
370			SLC16A14			SLC35A1			SCG3
371			ADRA1D			SEC16A			EFS
372			GPRIN1			KIAA1549L			CACNA1D
373			HOXA.AS2			PRSS22			KRT9
374			DPM1			ABCA4			NOX5
375			ARHGEF28			MLPH			MME
376			HMGCLL1			SMC1B			GPR27
377			CUL9			SLC8A1			TMPRSS11E
378			MYRIP			FZD4			ABCB6
379			PAPLN			RALYL			GALNT18
380			FAM78A			BCL9L			DMBX1
381			ZNF430			CDK14			TOB1
382			TNFRSF13B			CALCRL			FKBP5
383			TNS4			RNF126P1			KREMEN2
384			KCTD12			PRDM16			TRIM29
385			PPIC			CPT1A			CTSC
386			HLA.DMB			HTR7P1			SYT1
387			HHIP			SPX			CAPN6
388			PNPLA7			CREG2			CAHM
389			KCNJ12			GBGT1			LINC01503
390			ASH1L.AS1			SNAI1			NFAT5
391			ITFG2			MMP1			NLGN3
392			NR2E1			F2RL1			ORAI3
393			CRP			CDRT1			GRB10
394			ADCY4			RIMS2			SLC36A1
395			VMA21			TRIM7			PIPOX
396			TFPI			NKAIN1			FAM102B
397			GUSBP1			SARM1			TOM1L2
398			LHX5			RSPH1			CTSE
399			MICAL2			TMEM178B			GPR143
400			SH3RF2			ZNF781			PRPH2
401			TPPP3			PID1			SYN2
402			SCML1			RTN2			SEC16A
403			FOXN4			PLEKHA6			PRSS22
404			SOS1			CECR2			ZNF718
405			GPR37			PDLIM2			SLC38A5
406			TNC			RASGEF1B			PALM3
407			ANKRD1			PLXDC2			ABCD1
408			ACO1			PITX3			PTPN22
409			ALCAM			MYH8			MLPH
410			LYPD1			RPL3L			SMC1B
411			DLC1			MMP28			TRAP1
412			CSMD2			APLP1			CDK14
413			OPN1SW			RPRM			KCNJ2.AS1
414			DAAM2			PCDHGB6			SLC22A18
415			TSPAN18			EGFLAM			PRDM16
416			ZEB1.AS1			FOXC2			GLYCTK
417			RASSF4			MPZL3			YPEL3
418			NDUFA2			UNC13D			CPT1A
419			ZDHHC22			GLS2			SPX
420			UQCC3			AXL			CREG2
421			NMU			CHST1			SNAI1
422			NXT2			FRMD6.AS1			EGR4
423			ARHGAP24			ZNF542P			RWDD4
424			SLFN11			THBS1			UFSP2
425			STXBP3			HID1			LMBRD1
426			ELFN1			SORBS2			CDRT1
427			MAP3K9			FBXO45			RIMS2
428			CYP1A1			ENPP2			TRIM7
429			GRIN2C			QKI			NKAIN1
430			BICD2			SGPP2			SARM1
431			SNRPD2			SERPINA6			ATXN7L2
432			COL14A1			TNFRSF21			TMEM178B
433			MAP4K1			ENG			PID1
434			NCKAP5			AKR1B10			RTN2
435			HPCAL4			CLCA2			DNAJC12
436			ABCG2			FLT3LG			CECR2
437			CDKN1B			TRAF1			PAPPA
438			NFKBIA			PANK1			MBNL1.AS1
439			SH2B3			ALDH1A1			MAP2
440			RAMP3			BIRC3			OLFML3
441			IRF8			IGDCC4			PITX3
442			TP53I11			ATP2B2			NCOA7
443			SCNN1A			FAM86B1			MYH8
444			STEAP3			ITM2A			RPL3L
445			A2ML1			APLN			MMP28
446			PTBP2			PRRT2			C1R
447			PTS			GBP4			VPS13B
448			CHN1			SOCS1			GDF10
449			FLRT3			TRPV6			RPRM
450			BICD1			MYH1			EGFLAM
451			SAMD14			COL4A6			FOXC2
452			SLA2			MPZL2			SLC16A1.AS1
453			SGMS2			ZIK1			UNC13D
454			GNAI3			GLIS1			GLS2
455			MEGF10			HOXA.AS2			PRTG
456			MAGEC1			MTO1			ANKRD50
457			PART1			ARHGEF28			IL12A
458			ALG10B			EPHB4			SAMD4A
459			DEPDC1B			COL24A1			TERT
460			PRSS3			HMGCLL1			DYNLRB2
461			CDYL2			MYRIP			CHST1
462			SCN5A			PAPLN			FRMD6.AS1
463			SH2D5			SCN8A			ZNF542P
464			NUAK2			RASGRP1			CBR4
465			CSMD3			PDZRN3			EPB41L4A
466			IFIH1			RBP1			ENPP2
467			SPINK6			TMTC1			ADAMTS13
468			ZNF569			GLT8D2			FBXO45
469			ERG			ZCCHC12			PSAT1
470			SLC27A6			C5			SGPP2
471			ACSS3			EPS8L2			SERPINA6
472			ARL5B			KLHL14			TNFRSF21
473			TENM4			TNS4			ENG
474			TDRD12			LINC01547			AKR1B10
475			SGK1			LBH			FLT3LG
476			PDCD1LG2			MALRD1			PANK1
477			NEFL			PPIC			ALDH1A1
478			EPHA3			HLA.DMB			IGDCC4
479			CD37			HHIP			SLC25A21.AS1
480			PCDHB10			PNPLA7			ATP2B2
481			BRIX1			EPHA8			USP13
482			TCEAL1			TONSL			GPN3
483			FAM107B			ASH1L.AS1			APLN
484			NMNAT2			LRG1			SH3RF1
485			IL36G			NR2E1			GBP4
486			GABRP			ADAM23			TMPRSS15
487			KRT17			CRP			SOCS1
488			ADRA2B			TRABD2B			ST6GALNAC2
489			WDR78			WFDC2			MYH1
490			GDF9			CCRL2			COL4A6
491			IL1RAP			TMEM74B			TSTA3
492			TTC9			CSF2			MPZL2
493			GABRG1			LHX5			HLA.B
494			MYLK4			MICAL2			ADRA1D
495			TBC1D30			SH3RF2			HOXA.AS2
496			SLITRK6			TPPP3			ADGRF1
497			LENG9			SOS1			HLA.C
498			TNKS1BP1			GNG7			MTO1
499			ASB2			MYRF			ARHGEF28
500			ITIH5			GPR37			EPHB4
501			CALML3			TNC			COL24A1
502			CCDC151			MARK1			HMGCLL1
503			GHR			ANKRD1			PAPLN
504			PYCARD.AS1			HOXB9			SCN8A
505			SYCP2			ALCAM			PDZRN3
506			MAGT1			ZNF222			RBP1
507			CDHR2			DLC1			LAT2
508			FOXL1			NGF			LINC00563
509			PRKG2			BCL2A1			ZCCHC12
510			CADM1			ARHGAP19.SLIT1			C5
511			ZNF469			CNFN			DZIP1L
512			GSTM4			ZNF501			KLHL14
513			AQP5			TMEM187			ASPHD1
514			ZFAS1			DAAM2			PLCXD2
515			ZNF675			ARHGAP22			CHST4
516			HCN1			TSPAN18			ROGDI
517			SCEL			ZEB1.AS1			MB
518			IL17RC			RHOG			HLA.DMB
519			ADAMTS16			DOCK9			EPHA8
520			KRT6B			GPR161			PNPLA7
521			MDM1			GDAP1			LRRC59
522			OSBPL5			RASL10B			LMF1
523			MMP14			SLC27A2			LRG1
524			GPR55			CFI			NR2E1
525			ERBB4			MIR205HG			CRP
526			ITGA4			AMDHD2			ADCY4
527			FAM13C			SVIL			TRABD2B
528			UBE2B			ARHGAP24			TFPI
529			CD70			TMEM88			LCN2
530			FAM111A			SLFN11			EMX1
531			AGER			ELFN1			TAC3
532			NPAS3			SULT2B1			LHX5
533			ZNF891			BICD2			SH3RF2
534			ZNF44			SKIDA1			EFNA2
535			RAD52			APOBEC3C			HECA
536			EXTL2			HVCN1			BGN
537			ADCY1			COL14A1			RUNDC1
538			PIK3R2			DACT3			MARK1
539			ADAMTS6			SLC9A1			TNC
540			TRIB1			ITGA10			ANKRD1
541			DUSP4			MC1R			ACO1
542			CXCL1			RIPPLY3			ALCAM
543			CIDEA			TUBB3			SYNC
544			CRACR2B			GTPBP2			ETS2
545			UCN			NCKAP5			BCL2A1
546			SERINC2			ABCG2			ARHGAP19.SLIT1
547			ST7L			PROC			ZNF501
548			WWC3			ZNF233			DAAM2
549			CRISP3			NFKBIA			KIFC2
550			TBX15			FLNB			ARHGAP22
551			SBK1			SKAP2			TSPAN18
552			MAP1B			RAMP3			RHOG
553			BMP6			TP53I11			GPR161
554			IL20RA			SCNN1A			RASSF4
555			PCDHB16			SLC30A10			RASL10B
556			ABRACL			FAM95C			CFI
557			C1GALT1C1			A2ML1			RRAGD
558			TMCO6			PARP12			RRAGB
559			EDEM2			TUBA8			SLFN11
560			TMEM155			PTS			ELFN1
561			ACKR3			CHN1			PIM3
562			MRPS23			FLRT3			APCDD1L
563			FOXO1			VGF			SULT2B1
564			MYCT1			CCDC63			HVCN1
565			NEFM			NLRP10			COL14A1
566			PDE2A			SLA2			ACTC1
567			SLC34A2			SMIM13			MAP4K1
568			TRHDE			GPR156			ABI3BP
569			SNHG9			SGMS2			TUBB3
570			EMP3			RND2			NCKAP5
571			WNT7B			ZSWIM5			HPCAL4
572			ZNF804A			MEGF10			ABCG2
573			B4GALNT4			TCTE3			PROC
574			PLA2G4C			PART1			S100A6
575			KCND1			SMIM8			SSPN
576			MAP3K7CL			GTPBP8			CSTA
577			PSRC1			PLA2G4F			LONRF3
578			LINC00886			SHROOM2			FLNB
579			EXD3			SIM1			SAXO2
580			ZNF850			DUSP8			EPHX2
581			PCBP3			PADI1			IRF8
582			PCDHGC3			SCN5A			TP53I11
583			COMMD10			SH2D5			SCNN1A
584			FAM174B			PCED1B			A2ML1
585			FAP			NOG			STARD13.AS
586			RERG			NUAK2			TUBA8
587			DDX20			DHRS13			CHN1
588			BDH1			SNX32			CACNG5
589			CD83			MAPK14			SAMD14
590			SLC1A5			B3GALT5.AS1			CCDC63
591			MUC19			ANGPTL2			GPR156
592			DDX58			IFIH1			SGMS2
593			NAV1			SH3TC2			GNAI3
594			FBLIM1			TCP10L			ZSWIM5
595			MAD2L1			ZNF569			TCTE3
596			RBP4			SLC27A6			PART1
597			DHRS3			PIK3CG			HAND2
598			GABRA4			ACSS3			SLC25A4
599			TMEM65			TDRD12			TNFRSF18
600			KRTAP2.3			PHLDA3			FOSB
601			SQSTM1			PDCD1LG2			DEPDC1B
602			GPR4			NEFL			DUSP8
603			LINC00326			EPHA3			PRSS3
604			LAMA4			GABRP			PADI1
605			RAP2C			KRT17			PCED1B
606			LMTK3			CSDC2			CHAC2
607			LRRC4B			IFI30			NOG
608			PXDN			ZNF117			B4GALT6
609			TRIM31			WDR78			AK8
610			KRT10			ZNF229			MAPK14
611			PCDHGC5			ARNTL2			B3GALT5.AS1
612			DDIT4L			FAM189A2			ANGPTL2
613			KIF9.AS1			GABRG1			PSD3
614			GPR132			TXNRD2			IFIH1
615			TSC22D3			MYLK4			BANK1
616			MANEA			ZNF23			SNRNP25
617			BCR			ZNF577			CEP76
618			TMEM176A			ALPL			SLC27A6
619			HSPA9			LENG9			ACSS3
620			TRPM8			GALK1			TMC5
621			SLC37A1			KIT			TENM4
622			TROAP			APOBEC3D			LINC00623
623			ABCG1			SLC18B1			TDRD12
624			PCDH17			LRRC20			ABLIM2
625			OR7E14P			NUP214			PHLDA3
626			MICAL1			LYL1			CTSO
627			CCDC59			GHR			SGK1
628			DOK7			EGFR			EPHA3
629			BAALC			RASGEF1C			PCDHB10
630			ABAT			SYCP2			BBS12
631			CFAP57			BLNK			NMNAT2
632			RMDN2			APOBEC3G			DEPTOR
633			PARD3B			FOXL1			FMO4
634			HAPLN3			CADM1			GABRP
635			CDC25C			ZNF469			CD2AP
636			LARP1			GSTM4			SPRYD4
637			LINC01561			BEND4			KRT17
638			PNISR			PYCARD			ADRA2B
639			NACAD			HMGN5			CSDC2
640			IFT88			CFH			IFI30
641			AMOT			ZNF675			ENOSF1
642			ANKRD13A			SCEL			WDR78
643			CSF3			FABP4			ZNF229
644			PVT1			KRT6B			LINC01270
645			NAP1L2			LBX1			GABRG1
646			PARVG			PEX7			FANCA
647			NTNG2			PCDH1			FOXC1
648			DENND1B			CRYAB			AKNA
649			SEMA6A			ZNF521			MYLK4
650			LYPD6B			MMP14			KIF27
651			ZFHX4			LRRC10B			ZNF23
652			PORCN			TMEM198			TBC1D30
653			APOLD1			CHAC1			TXNL4B
654			CDH15			ITGA4			ALPL
655			CHST2			FAM13C			PTPRZ1
656			KALRN			UBE2B			GALK1
657			ADAM8			RASAL2			CD99
658			THNSL2			ACE			CALML3
659			PCAT7			SNCA			MMP16
660			PNMA2			BSN			GEM
661			IGFBP6			KCNG1			APOBEC3D
662			LPAR1			AGER			LYL1
663			CLIC3			ZNF891			GHR
664			ARHGEF37			MBP			RASGEF1C
665			ALDH1A3			NIFK.AS1			SYCP2
666			ESAM			SLC6A11			APOBEC3G
667			FLT4			USH1C			FOXL1
668			PHLDA2			SMIM3			KLHDC4
669			COMT			ADCY1			DLG4
670			NCK2			MPC1			ZNF469
671			SLC7A5			ABCC3			GSTM4
672			TSPAN5			SEMA6C			AQP5
673			PHF2			PIK3R2			GAS2L3
674			TUBA4A			ADAMTS6			HMGN5
675			ADCY8			TMEM232			CFH
676			SLCO4C1			TRIB1			SCEL
677			HOXD13			DUSP4			COL4A5
678			TRNP1			DLX3			FABP4
679			NLGN1			CXCL1			ADAMTS16
680			ZNF100			DOCK8			PCDH1
681			IFI44			MN1			CRYAB
682			KCNF1			CRACR2B			LRRC10B
683			LRRC8A			SERINC2			PPP1R3E
684			TRDMT1			CCL26			HOMEZ
685			OSBPL8			GABPA			ITGA4
686			CALCA			TRIM21			UBE2B
687			ROMO1			WWC3			HAS2
688			CARD6			ANKRD2			ARMCX2
689			PLEKHO1			SH2D4A			RGS12
690			DTWD2			PIK3R5			SNCA
691			PCDHB9			RNASET2			ZNF879
692			TSFM			SBK1			KCNG1
693			ECM1			MAP1B			SLC47A1
694			CCDC149			MORN2			DCST2
695			SLC16A5			BMP6			ZNF44
696			DTX1			SDC1			LIN7A
697			SYT2			PARL			COCH
698			IKZF2			ABRACL			USH1C
699			PITPNA.AS1			FLNA			ADCY1
700			PCDHB8			CPA4			MPC1
701			KRT222			GRIP2			ABCC3
702			SNX24			SERPINB7			PIK3R2
703			UCA1			GALC			TRIB1
704			LDOC1			NEFM			LRRC41
705			CYB561D1			PATL2			DUSP4
706			TMEM91			TFAP4			DOCK8
707			LINC00313			LRIG1			DPP4
708			SEMA5A			PDE2A			CIDEA
709			PLPPR3			CAV1			MN1
710			PPHLN1			TRHDE			CRACR2B
711			CCDC34			SLC34A2			UCN
712			PRPH			SNHG9			SERINC2
713			RAPGEF4			LRRC47			PELI2
714			OSR1			EMP3			TRIM21
715			ZNF85			C4BPB			WWC3
716			GNAL			PSTPIP2			PALD1
717			DUSP10			KRT33B			ACVRL1
718			TSHZ2			GKN2			TBX15
719			CYBRD1			SUN3			MAP1B
720			PGM5			PLA2G4C			SCNN1D
721			CCL28			EAF2			BMP6
722			GBP6			KCND1			SFT2D2
723			MAF			FAM71E1			SDC1
724			SLC38A3			PXT1			PCDHB16
725			GBP1			REPS1			HOXB.AS1
726			CAPSL			TRMT1L			TMEM155
727			OSBPL6			SOX13			CPA4
728			LAMB3			WEE1			GRIP2
729			ALDH1L2			SLK			GALC
730			CAMK2N2			COL11A2			NEFM
731			FIRRE			DACT1			FGD2
732			FXYD3			LINC00886			LRIG1
733			RASD2			EXD3			SLC34A2
734			SLC25A43			ZNF850			TRHDE
735			KLF2			PLCE1			EMP3
736			SLC25A14			PCDHGC3			C4BPB
737			DRC7			FAP			ZNF804A
738			BMP4			TLX2			PLA2G4C
739			HOTAIRM1			MCF2L			SUN3
740			SERPINB13			RAMP2			KCND1
741			TLDC2			MUC19			DSP
742			MIPEP			DDX58			FAM71E1
743			ADAMTS10			PDCD2			PXT1
744			NTNG1			NAV1			ADAMTS18
745			ZCCHC10			RBP4			PSRC1
746			SCARF2			DHRS3			RNF217
747			IGLON5			GABRA4			REPS1
748			PDRG1			TMEM65			PLEKHG4B
749			NYAP2			GNAQ			SLK
750			PLEKHA5			EGLN3			DACT1
751			GPX2			HSD17B3			LINC00886
752			RAB6B			KRCC1			EXD3
753			NKX3.2			PKP1			ZNF850
754			GAL			ROR1			CNPY3
755			ARHGEF17			PURG			PCDHGC3
756			BAHCC1			CD244			RERG
757			CLSTN2			LAMA4			BDH1
758			MORF4L2			JAM3			SLC35F2
759			NOXA1			URM1			CD83
760			ZNF529			NAP1L3			SLC1A5
761			LHX2			SLC7A10			MCF2L
762			SOSTDC1			PXDN			NAB2
763			MAPK8IP2			PGM2L1			DDX58
764			LINC00630			TRIM31			PDCD2
765			COL1A1			HMCN1			NAV1
766			CNGB1			RD3			DNAJC18
767			NUF2			ITPKB			DHRS3
768			IRF2			CNTNAP4			MCM3
769			PGK1			ITGB4			GABRA4
770			PFDN5			DLGAP1.AS2			IFT74
771			CAMK2B			PCDHGC5			GRN
772			ESRG			DSEL			TMEM65
773			THBD			LZTS1			PLEKHN1
774			CHN2			DDIT4L			DKKL1
775			DRAM2			POPDC3			GNAQ
776			PYROXD1			KIF9.AS1			EGLN3
777			ZNF93			DUOX2			KRCC1
778			TIGD1			BCR			ROR1
779			ZNF10			TMEM176A			PPARG
780			LAMA3			IQCH.AS1			PURG
781			UBAC2.AS1			LRRC32			CD244
782			MMP17			WDR5B			AGMAT
783			ICAM4			FOXN1			SQSTM1
784			FAM167A			MYO16			URM1
785			CHRNA4			DAW1			NAP1L3
786			SH2D1B			ALDOC			IGFBP7
787			PLCD4			SIGLEC9			ZNF736
788			UQCC2			ABCG1			C1QTNF1
789			STXBP6			ZNF334			SLC7A10
790			TMPRSS13			PCDH17			PXDN
791			PSPN			OR7E14P			PCDHB6
792			DBH.AS1			LRIG3			TRIM31
793			PLXNA2			CCDC59			HMCN1
794			ARRB2			DOK7			RD3
795			COL23A1			TRIM47			RNF39
796			PRKCG			FGR			ITPKB
797			USH2A			BAALC			CNTNAP4
798			IKBKE			BCL2L10			ITGB4
799			DISC1			CLDN7			DLGAP1.AS2
800			FAM110B			MAP1LC3A			PCDHGC5
801			MRPS35			CFAP57			LZTS1
802			TWIST2			CCDC110			KIF9.AS1
803			SCRN2			FGF13			POPDC3
804			TGFBI			LINC01561			GPR132
805			MPPED1			SETBP1			DUOX2
806			HPRT1			PTPRJ			IDUA
807			ZFPM2			AMOT			TMEM176A
808			RNF44			CSF3			ABCA1
809			TMEM92			STARD3NL			HSPA9
810			CEP170			PVT1			LRRC32
811			LYPD3			ADAM17			MEOX1
812			FIBCD1			RAB3D			FOXN1
813			HSPA1L			ZBTB4			MYO16
814			ADGRE2			MATN2			PAG1
815			CES4A			NTNG2			DAW1
816			CYYR1			SEC14L4			TRPM8
817			ENKUR			GPR3			TRIM26
818			EFEMP2			ZBBX			ZNF483
819			GPD1			GPC5			SLC37A1
820			TMC4			HCG4			SIGLEC9
821			DOK3			CHST2			BLACAT1
822			PNMA3			RRBP1			TROAP
823			TTC29			RHOD			CCDC62
824			VAV2			FANCC			ABCG1
825			ABCA7			APOE			NEAT1
826			PPP1R14D			ADAM8			SMPDL3A
827			SLC46A1			ZNF253			OR7E14P
828			MS4A12			PPP2R2B			PPM1J
829			ROR1.AS1			SLC46A2			CCDC59
830			PLPP3			LYST			RGL3
831			TAF9B			PODXL2			ERMP1
832			CLDN9			LPAR6			BAALC
833			ATP8B3			SH3GL3			CLDN7
834			ETV7			RFTN1			MAP1LC3A
835			MNS1			FRAT2			CCDC110
836			PFDN4			TLR2			CFAP57
837			MBOAT1			FAM53B			FGF13
838			PCDHB13			GEMIN5			CDK20
839			NCF2			CRYL1			CDC25C
840			PTPN14			SEMA6D			LINC01561
841			MAGOHB			SPRED3			MOB3A
842			ZNF605			YPEL1			HPS1
843			SQLE			ARHGEF37			NACAD
844			OLFM1			ALDH1A3			ANKRD13A
845			PLEKHA7			TICAM1			CSF3
846			SIX3			FLT4			PVT1
847			FKBP11			PHLDA2			NCEH1
848			GABRQ			ZNF582			FSD1
849			MAGEC2			TSPAN5			COL5A1
850			LIMD2			ZNF254			MATN2
851			SOGA1			PHF2			ZCWPW1
852			SPEF2			SNAI2			ZNF215
853			KRT80			TUBA4A			SEC14L4
854			C1RL.AS1			EDARADD			GPR3
855			ZCRB1			HOXD13			ELK3
856			TNFAIP8			ZNF527			ZFHX4
857			COL17A1			LINC01419			GPC5
858			PIK3R3			TRNP1			LINC00923
859			LRRK2			CDO1			RRBP1
860			PCYT1B			IFI44			RHOD
861			LRRC4C			LINC01116			KALRN
862			PTPRR			TSPAN7			APOE
863			APOL1			LRRC8A			ADAM8
864			KIF19			P4HA3			MAN2B1
865			CLDN3			CALCA			THNSL2
866			RELN			ZNF385C			FOS
867			BCL2L1			ZNF585A			PPP2R2B
868			PKIA.AS1			FAAH			SIRPA
869			NAV3			BEST3			LYST
870			NR2F1			GABRA2			DNM1
871			USP3			GJB3			PODXL2
872			DCHS1			PSD4			ERN1
873			IL18R1			STC2			CANX
874			FOXN3			NT5DC3			TLR2
875			ZNF572			ENPP3			RABEP1
876			CNTN2			CCDC149			IGFBP6
877			CLDN10			NR3C1			FAM53B
878			APOL2			CALHM3			LPAR1
879			USHBP1			PGM3			CRYL1
880			CAPS2			CLVS2			SEMA6D
881			OSBPL7			MAP3K13			HTR1D
882			UBL7.AS1			SLC16A5			SPIRE1
883			SOX7			HSPH1			DTX4
884			RNF43			DTX1			CLIC3
885			IL7R			PSCA			ZNF710
886			IPO5P1			PCDHB8			ARHGEF37
887			SCUBE3			HMGA2			ALDH1A3
888			NGEF			SNX24			ESAM
889			HCG22			ARNT2			DKK1
890			TSPYL5			PRB3			FLT4
891			SNHG10			SEMA5A			PHLDA2
892			SYT5			LINC00313			COMT
893			HOXB13			WIF1			AURKA
894			KRR1			CAPN3			TSPAN5
895			COLEC12			PRPH			PHF2
896			ZNF175			OSR1			PDGFRA
897			CPQ			ZNF85			UST
898			SDR42E1			GNAL			SNAI2
899			SOX17			DUSP10			MUC1
900			RTP4			CYBRD1			ONECUT3
901			RNF144A			TBP			LINC01419
902			CD4			SPINK5			TRNP1
903			GTSF1			PGM5			CDO1
904			TSPAN1			FAM133A			NLGN1
905			CAPN14			CCL28			IFI44
906			RGMB			MAF			TSPAN7
907			KCNJ15			VSIG10			ZNF100
908			ID4			DNAH2			P4HA3
909			FRMD4A			SLC38A3			CALCA
910			NCAM2			IL17RE			ZNF585A
911			GID4			IRX5			PHF21B
912			GLIPR1			GBP1			MATK
913			GSDMC			TBX6			CARD6
914			LIPH			BOLA3.AS1			COLQ
915			ELMO1			LAMB3			UBXN1
916			ABCB7			JAZF1			TMEM245
917			PCDHB7			AMN1			PCDHB9
918			FPR1			FXYD3			STC2
919			CCDC85A			NKD1			ANO2
920			UBA2			CRISPLD2			ECM1
921			HRH2			RASD2			GDPD2
922			TSIX			TAGLN3			CCDC149
923			GCNT2			MAGEH1			NR3C1
924			RPAP3			ATAD3A			CALHM3
925			KCTD16			TEX9			CLVS2
926			NPDC1			BMP4			SLC2A8
927			TPH1			HOTAIRM1			DTX1
928			WNT7A			RSPO1			PSCA
929			TSPAN6			OLFM2			IKZF2
930			NFKBIZ			ELOVL4			PCDHB8
931			KRT31			SERPINB13			SNX24
932			RIBC2			SLC22A23			LDOC1
933			MAPKAPK5.AS1			PLTP			MAP3K14
934			TMEM44.AS1			GRM4			RNF182
935			CRMP1			SUSD2			SEMA5A
936			PRDM1			NTNG1			LINC00313
937			MAOB			RP2			PLPPR3
938			RNFT1			CYP27A1			E2F5
939			SLIT3			LRRTM4			CCDC34
940			ZNF155			GPR160			WIF1
941			SLIT2			ANXA3			PRPH
942			BCHE			PTGER3			GJA3
943			PARPBP			ZNF138			GNAL
944			TRIM58			IGLON5			DUSP10
945			JAM2			EPHA4			LEF1
946			CKS1B			NYAP2			MVP
947			CCDC87			RASGRF2			CYBRD1
948			BICC1			GPX2			TBP
949			PARD6B			SLC28A3			SPINK5
950			GABBR2			RAB6B			PGM5
951			KCNH3			ZNF107			GBP6
952			SLC22A15			FAM83C			MAF
953			P2RY1			BAHCC1			SLC38A3
954			KRT79			NOXA1			IL17RE
955			LAMB2			ZNF529			DOCK3
956			CPNE5			ART5			OSBPL6
957			NUPR1			ZNF195			TPRG1
958			DRD1			LHX2			PRSS27
959			NKAPP1			SOSTDC1			CFAP99
960			CNTFR			MAPK8IP2			TBX6
961			TBKBP1			G0S2			BOLA3.AS1
962			ACHE			RRM1			CABP1
963			GLIS3			CNGB1			LAMB3
964			NF2			IRF2			ALDH1L2
965			ABO			PTGER4			FUT3
966			SOCS2			STK38			CCDC3
967			TMCC3			LRRC34			FXYD3
968			CCNC			ESRG			NKD1
969			PEX5L			CHN2			LMO7
970			TRIM9			IL1RAPL2			CRISPLD2
971			DSCAM			HOXB5			RASD2
972			SORBS1			RPS19BP1			ANKRD45
973			PRELID3B			SOX8			TAGLN3
974			SYDE1			ZNF93			MAGEH1
975			LTK			ZNF10			POU3F1
976			FNDC1			SIAH3			BMP4
977			PSMA5			SH2B2			HOTAIRM1
978			CEBPG			MMP25			RSPO1
979			SLC35G2			LAMA3			EPB41L4B
980			ARIH2OS			UBAC2.AS1			OLFM2
981			UBA7			CCK			SUPT3H
982			VGLL3			B3GALT4			SLC41A2
983			DMGDH			PACSIN3			P2RX5
984			FAAH2			HCLS1			SLC22A23
985			TSHZ3			ITPR2			PLTP
986			FLG.AS1			STXBP6			OLFML2B
987			ARPP21			SSC5D			GRM4
988			FAM155B			WNT11			ADAMTS10
989			NKX3.1			ARRB2			SUSD2
990			DPP7			ZNF488			NTNG1
991			WSCD1			TMEM62			RPAIN
992			ELFN2			PRKCG			RP2
993			PRR9			SVEP1			CYP27A1
994			SLC43A2			IKBKE			LRRTM4
995			PDZD4			DISC1			MFSD3
996			IL6R			FAM110B			ANXA3
997			PROCR			TWIST2			LRRC27
998			B3GNT9			APBB3			IGLON5
999			NACC2			TGFBI			SUSD6
1000			SLCO1B3			EPAS1			NYAP2
1001			PLA2G4A			PAK6			DERL2
1002			CAMK2A			LYPD3			RASGRF2
1003			B3GAT1			FIBCD1			RAB6B
1004			TNFRSF10C			HSPA1L			ZNF107
1005			ZNF568			CES4A			NKX3.2
1006			SLPI			OLR1			IQUB
1007			ETFA			STK33			ARHGEF17
1008			RBFOX3			CYYR1			FAM83C
1009			ANO5			SERPINA3			BAHCC1
1010			MBNL2			GPD1			SLC6A12
1011			MCTS1			RET			NOXA1
1012			PRKAR2B			HAS3			KCNS1
1013			ZNF829			STS			ART5
1014			ARHGEF6			PDK1			ZNF195
1015			NHS			TMC4			DZIP1
1016			PAQR9			BAG1			LHX2
1017			REPS2			SEZ6L2			ZNF529
1018			CACNA1G			PYGB			SOSTDC1
1019			SCN9A			GPR19			MAPK8IP2
1020			TMEM158			AGTR1			LMNTD2
1021			SLC4A7			ST3GAL6			SPATA17
1022			PRIM1			ENPP5			PXDC1
1023			HOXA1			VAV2			RRM1
1024			SLC5A4			CPXCR1			IL2RG
1025			ZFP82			CYP26B1			PXN.AS1
1026			LINC01465			TGFBR3			STK38
1027			LINC00865			SLC46A1			PTGER4
1028			NRIP2			MS4A12			MXRA8
1029			BBS10			ENO3			ASIC3
1030			RBMX2			ATP8B3			ESRG
1031			ALOX5			ETV7			CHN2
1032			ASCL1			PFDN4			SERTM1
1033			BCAS4			NCF2			IL1RAPL2
1034			SRGN			NCALD			CNGA1
1035			COL13A1			PTPN14			SIAH3
1036			MMP9			SMARCA2			LAMA3
1037			MAP2K6			SQLE			UBAC2.AS1
1038			CYMP			OLFM1			CHRDL1
1039			IL1RN			GABRQ			CCNG2
1040			GPR63			MAGEC2			PACSIN3
1041			HENMT1			FRY			ELMOD1
1042			IFI6			SOGA1			NECAB1
1043			DLL1			CPTP			ITPR2
1044			ASB13			LINC01029			PLCB2
1045			WDR17			PRSS35			UCHL1
1046			MYCN			ACTN2			STXBP6
1047			CLMP			CD109			WNT11
1048			OR51B4			PEX11B			PLXNA2
1049			HSPB6			TSHZ1			ARRB2
1050			LAMTOR5			COL17A1			PTPRG
1051			LINC00648			CCDC153			ZNF488
1052			PPM1E			RGCC			PRKCG
1053			KIFC3			PROSER2			LINC00668
1054			LINC00839			RIMS1			SVEP1
1055			NDUFB9			SULT4A1			FAM110B
1056			PLOD1			PTPRR			TWIST2
1057			SRGAP3			GNG2			SRMS
1058			TTC38			PDLIM3			TGFBI
1059			HS3ST3B1			PLS3			EPAS1
1060			VIM			KCNK7			TNFRSF9
1061			MFAP2			TPPP			TMEM92
1062			JAKMIP1			ZBTB32			TAF1D
1063			SNHG4			OPN3			LYPD3
1064			RGS6			KIF19			FIBCD1
1065			S100A14			CLDN3			ABCB11
1066			LINC00924			ADGRF2			MFAP4
1067			TMEM176B			RELN			HSPA1L
1068			NR4A3			GABRA3			ADGRE2
1069			ZNF470			PKIA.AS1			CES4A
1070			ADAMTS19			PADI2			STK33
1071			EIF2S2			NAV3			CYYR1
1072			ASMTL			NR2F1			SERPINA3
1073			MYOM3			MYD88			GPD1
1074			LHX1			NEU1			HAS3
1075			HLA.DQA1			SMARCD3			CCDC107
1076			GLUL			FOXN3			TMC4
1077			RHOBTB3			ZNF572			SEZ6L2
1078			TRIM15			ATAD3B			PNMA3
1079			GSN			HLA.DPA1			AGTR1
1080			SECTM1			CNTN2			ST3GAL6
1081			ANO1			SLAIN1			VAV2
1082			RNF208			CLDN10			CPXCR1
1083			KIF20A			RNF43			CYP26B1
1084			RPS21			IL16			ABHD15
1085			TBC1D31			IL7R			TBX18
1086			RNASE7			SCUBE3			PLPP3
1087			SERPINF1			GDAP1L1			CLDN9
1088			XYLB			SPAG4			SPAG17
1089			CDH13			NMRK1			ATP8B3
1090			VGLL1			LFNG			MCTP1
1091			C3			POU4F1			DCAF10
1092			NDNF			VCAM1			PCDHB13
1093			CACNG4			ATP2C2			NCF2
1094			METRNL			PDLIM7			NCALD
1095			BAIAP2L2			SCARA3			PTPN14
1096			LOXL4			RNF144A			SMARCA2
1097			CXCL6			CD4			SQLE
1098			HPGD			GTSF1			OLFM1
1099			SLC16A6			TSPAN1			FKBP11
1100			PTPRB			KCND2			MAGEC2
1101			HECW2			ANKS6			GABRQ
1102			UGT1A6			OGDHL			FRY
1103			PDE4DIP			DPYD			COQ10A
1104			APOL3			NMRK2			SOGA1
1105			TIE1			RGMB			IGF2R
1106			LRRC15			REEP2			LINC01029
1107			ACSL5			FRMD4A			PRSS35
1108			MYH16			ERRFI1			BORA
1109			CD22			LMNA			MSX1
1110			TIMM8A			ARC			CD109
1111			PTMS			SNAP91			PEX11B
1112			TLR9			OLFML2A			KRT80
1113			DIAPH2			LINC01098			CAMK1
1114			FAM214B			CD300C			TMEM169
1115			IQSEC2			ZIC2			HCG11
1116			FPR3			SYNM			PERP
1117			LINC01215			CLSTN3			COL17A1
1118			SPTLC3			GSDMC			FANK1
1119			ZC3HAV1			NR6A1			PCYT1B
1120			NFE2L1			PKD2			SULT4A1
1121			CD14			KRT6A			GNG2
1122			FSCN2			MLF1			PDLIM3
1123			PTX3			DTNA			KCNK7
1124			CLCNKB			LIPH			CTSF
1125			MOSPD1			ZSCAN5A			OPN3
1126			AZIN2			ELMO1			KIF19
1127			KCNQ1			CCDC85A			CLDN3
1128			FOXB1			CNIH2			TMEM129
1129			JPH4			TSIX			RELN
1130			GPSM2			GCNT2			GABRA3
1131			MYB			MYOF			E2F3
1132			HACD4			CHRNA10			PKIA.AS1
1133			SDK2			WNT7A			PCSK1N
1134			SEMA3G			HDDC2			SUSD4
1135			OAS2			SLC44A3			MAML2
1136			COL6A3			SIK1			NAV3
1137			NSG1			MARCKS			NRROS
1138			CXCR2			KRT31			MYD88
1139			PDE3B			RIBC2			LGALS3
1140			PCDHB3			TMEM44.AS1			XYLT2
1141			MTCL1			VWCE			CLK4
1142			ARHGAP31			CRMP1			DCHS1
1143			RAB9B			PRDM1			FOXN3
1144			CD74			MAOB			HLA.DPA1
1145			MGAM			TMEM143			CNTN2
1146			COL9A2			ZNF155			TSPAN32
1147			CYFIP2			KLF8			GALNT6
1148			EN1			CYP27B1			SLAIN1
1149			DYSF			TMEM170B			CLDN10
1150			PMP22			CHRNA9			ATP1B2
1151			NFASC			CHRNB4			CAPS2
1152			ABCB1			SYTL2			UBL7.AS1
1153			PI16			BICC1			PDE10A
1154			PRDM13			FIG4			SOX7
1155			MPO			JPH1			RNF43
1156			KCNQ4			PARD6B			FES
1157			HDAC9			NHLH2			IL7R
1158			PHOSPHO1			GABBR2			SCUBE3
1159			GPSM3			P2RY1			GXYLT2
1160			LAYN			DRD1			GDAP1L1
1161			SLC19A3			GNG4			SKA1
1162			PPP1R14A			UPK1A			NMRK1
1163			DAB2IP			GLIS3			HCG22
1164			SLC17A9			ABO			TSPYL5
1165			VAV3			ADD2			LFNG
1166			TM6SF1			TRIM16			POU4F1
1167			EDN1			TMCC3			SERPINE2
1168			CD177			CX3CL1			KRR1
1169			ATP10D			LAMA2			ATP2C2
1170			CDA			CCNC			ASB16
1171			DPH5			SHROOM3			RNF144A
1172			CD3D			BMP8A			SMAGP
1173			PMEL			PEX5L			CD4
1174			SYNGR1			DSCAM			GTSF1
1175			IGSF3			SYDE1			TSPAN1
1176			PCDH18			CLEC7A			KCND2
1177			ADRB2			CDK5R2			OGDHL
1178			LINC00847			LY75			NMRK2
1179			TJP3			SLC35G2			KCNJ15
1180			NEBL			ARIH2OS			REEP2
1181			USP45			CAPN2			ID4
1182			PABPC1L			UBA7			SUMF1
1183			SMIM10L1			VGLL3			FRMD4A
1184			FGFR2			NOVA2			NCAM2
1185			FAT4			ADM2			LMNA
1186			STON2			TRAF3IP2			ARC
1187			ZNF880			MLKL			B3GNTL1
1188			SMIM4			DMGDH			GLIPR1
1189			SLC16A1			FAAH2			OLFML2A
1190			CDC42SE2			PCOLCE2			LINC01098
1191			LAMTOR5.AS1			ZFP69B			CD300C
1192			MRPL51			EMILIN2			GSDMC
1193			ZNF674.AS1			CELF4			NR6A1
1194			CD52			COL21A1			CRYGD
1195			CYP4F22			DMRT1			PKD2
1196			EFEMP1			WSCD1			NAT1
1197			HMX1			NKX3.1			DTNA
1198			ANKRD7			DPP7			ZSCAN5A
1199			TNFSF8			PDZD4			LIPH
1200			DUSP6			PTK6			ELMO1
1201			ACVR1C			HTRA1			PCDHB7
1202			EMP1			DYDC2			FPR1
1203			IRF6			PROCR			GNPTG
1204			MMP10			IL1RAPL1			GCNT2
1205			HORMAD1			AXIN2			MYOF
1206			ANOS1			SLCO1B3			CHRNA10
1207			S100A9			HDAC7			BATF2
1208			GPR176			AKAP12			NPDC1
1209			GOLT1B			CCNA1			WNT7A
1210			VWA5A			ZNF568			SLC44A3
1211			LIMS2			QRICH2			LINC01300
1212			ZNF346			ASB9			KRT31
1213			APBA1			RNF145			TMC7
1214			THBS4			GABRE			MAPKAPK5.AS1
1215			SAMD5			ALDH3A1			NYAP1
1216			BCL11A			SNAI3.AS1			VWCE
1217			KATNBL1			SLPI			PRDM1
1218			HPCA			ANO5			MAOB
1219			PTGFR			RARA.AS1			TMEM143
1220			DCLK1			PRKAR2B			SLIT3
1221			CKB			ZNF829			KLF8
1222			SLAMF7			NHS			CYP27B1
1223			KRT13			PAQR9			VPS9D1.AS1
1224			PCDH9			SAP30L			SLIT2
1225			GRIN1			RAB36			TMEM170B
1226			S100A4			SCN9A			BCHE
1227			ADGRE1			FGFRL1			POLR3K
1228			XDH			TMEM158			ONECUT1
1229			C1S			SLC4A7			OTOF
1230			SORT1			PDE4C			CAPS
1231			NUP107			CHST3			PARPBP
1232			CRHR1			PLK2			AVPR1B
1233			KCNA4			ZNF614			SH3KBP1
1234			SOHLH2			HOXA1			JAM2
1235			BIVM			ARRDC4			CHRNA9
1236			EIF5A2			LINC01465			CHRNB4
1237			SOX18			LINC00865			SYTL2
1238			COPZ2			BEX1			BICC1
1239			SFRP1			SPTBN4			PARD6B
1240			NEK3			PTPRF			DSC3
1241			GPC4			GNB4			GRID1
1242			GDA			BBS10			SPARC
1243			HS6ST2			MMP9			P2RY1
1244			TNS1			COL13A1			KRT79
1245			AFF2			CHMP2B			DRD1
1246			PDE1C			ANK2			CNTFR
1247			AMPH			PROM2			TH
1248			NRXN2			LTBP2			TBKBP1
1249			GNAT2			NAGS			SESN3
1250			FRMD5			CDH7			POLN
1251			NDST1			CTSZ			GLIS3
1252			TBC1D9			WDR17			UPK1A
1253			MZT1			NTSR1			ACHE
1254			KLHL32			ACTA2.AS1			ABO
1255			GALNT14			OR51B4			ADD2
1256			TPH2			SLC52A1			TMCC3
1257			DLEU2			LAMTOR5			SLC2A1
1258			MID2			LINC00648			SHROOM3
1259			MTM1			MMP24			NPAS1
1260			GRAMD4			LRSAM1			TRIM9
1261			BARX1			PPM1E			DSCAM
1262			MCF2			KIFC3			SORBS1
1263			TNIP1			IFITM10			ME2
1264			FRZB			LINC00839			CLEC7A
1265			SYTL5			YTHDF3.AS1			CAPN13
1266			LIFR.AS1			NDUFB9			CDK5R2
1267			GYG2			PLOD1			PSMA5
1268			TCP11			SRGAP3			CEBPG
1269			CPNE7			EDA			SLC35G2
1270			NEGR1			SPATA6			KLK7
1271			RBMS3			MFAP2			UBA7
1272			CSGALNACT1			AMOTL1			VGLL3
1273			RBM26.AS1			STAT5A			CXCL11
1274			S100A13			FHAD1			CD79B
1275			RTN1			AVEN			ADM2
1276			PRDM8			DHRS1			DNPH1
1277			RCAN2			LINC00924			LIPI
1278			UAP1L1			TBC1D2B			FUT11
1279			FLT1			SMIM5			DMGDH
1280			PUS7L			HDX			FAAH2
1281			ATP1A1.AS1			FRRS1L			FKBP1B
1282			KCNK2			TMEM176B			PCOLCE2
1283			SIAE			SNHG18			TSHZ3
1284			FAT2			CBY1			FLG.AS1
1285			EDIL3			NUS1			BTG2
1286			AFF3			CYP3A4			MYLIP
1287			RNF165			NXPE3			EMILIN2
1288			PRUNE2			ZNF470			CELF4
1289			FAM83A			COL7A1			COL21A1
1290			ISM1			ABHD12B			LNP1
1291			PTGDS			FSIP2			WSCD1
1292			RUFY1			LHX1			DPP7
1293			RTN4IP1			GPR162			PRR9
1294			EFR3B			BLCAP			SESN2
1295			VSTM4			IL10RA			CRYBB2P1
1296			DOCK11			GJB2			SLC43A2
1297			TDRKH			CRABP1			RHOBTB1
1298			SLC25A5.AS1			FAM218A			IL6R
1299			HEYL			GLUL			PTK6
1300			CDK6			RHOBTB3			HTRA1
1301			OASL			TRIM15			DYDC2
1302			SYNPO			PPP1R1A			PROCR
1303			LMO4			GSN			IL1RAPL1
1304			MB21D2			SECTM1			SLCO1B3
1305			TMEM108			BCL11B			ARID3B
1306			NFKB2			HBEGF			GPRIN2
1307			SLA			SAMD11			DRC3
1308			TBX3			SVIP			SLC26A2
1309			SLC6A9			ANO1			AKAP12
1310			AGR2			SRSF12			SYPL1
1311			ABLIM3			TYSND1			CCNA1
1312			ARHGDIG			CDH13			COL25A1
1313			CBFA2T3			VGLL1			SIDT2
1314			FXYD7			C3			QRICH2
1315			MMEL1			CACNG4			ASB9
1316			MIRLET7BHG			BAIAP2L2			DENND4C
1317			FEZ1			METRNL			PTPN7
1318			TRIB2			KLF3			GABRE
1319			RSL24D1			LOXL4			LINC01140
1320			NDN			HLA.DQB1			SLPI
1321			WNT4			HPGD			OTOGL
1322			RARB			TNFRSF10D			RBFOX3
1323			SLC25A5			STK3			ANO5
1324			LINC01560			SLC16A6			RARA.AS1
1325			ZSCAN18			PTPRB			MBNL2
1326			SH2D2A			UGT1A6			PRKAR2B
1327			DST			PDE4DIP			FN3K
1328			THY1			APOL3			NHS
1329			PCDHB14			CATSPERG			PAQR9
1330			HOXA5			TIE1			SAP30L
1331			AJUBA			ZNF77			REPS2
1332			CACNG6			LRRC15			RAB36
1333			MTHFD2			ACSL5			CACNA1G
1334			TGFBR2			MYH16			SCN9A
1335			LUZP2			CD22			NUDT7
1336			TMEM147.AS1			SDC2			TMEM158
1337			ATP8A2			CLTB			ERVMER34.1
1338			KRTAP1.1			JAKMIP2			SLC4A7
1339			WFDC3			SPTLC3			E2F7
1340			RNF139.AS1			ZC3HAV1			TLR6
1341			ITPKC			KCNV1			PDE4C
1342			KIF5A			CD14			CHST3
1343			SIM2			PCP4L1			DCUN1D2
1344			TEKT3			FSCN2			NUP98
1345			CCDC70			PTX3			HOXA1
1346			MROH6			CLCNKB			ARRDC4
1347			IL4R			MOSPD1			LINC01465
1348			IL33			SYT7			LINC00865
1349			HLA.DRA			ASGR1			CORO2B
1350			TMEM229B			STAC2			BEX1
1351			PLEKHB1			MAOA			ASCL1
1352			FUT1			ARG2			FHIT
1353			ALKBH2			FOXB1			BCAS4
1354			CPEB2			ADCY5			MMP9
1355			REL			TAF11			CYMP
1356			KIF1A			JPH4			IL1RN
1357			RXRA			HACD4			ANK2
1358			BMPR1B			ZMYND10			AHCYL1
1359			KYNU			RIN3			FGFR3
1360			PTPRO			GPR15			HENMT1
1361			PINK1			SLC24A3			LTBP2
1362			TGFBRAP1			ACY3			SMAP1
1363			OAS3			SEMA3G			ANXA13
1364			ECEL1			OAS2			WDR17
1365			CAT			GCA			SERPINB1
1366			FBXO15			EEF1A2			NTSR1
1367			GALT			PDE3B			ACTA2.AS1
1368			CLDN1			EPHA7			CLMP
1369			EIF4EBP1			MTCL1			HSPB6
1370			ADAM19			ARHGAP31			SLC52A1
1371			NDUFA4L2			RAB9B			MGAT4B
1372			BRSK2			EMILIN3			MTMR2
1373			DPYSL4			MGAM			NCSTN
1374			XYLT1			CYFIP2			PPM1E
1375			NRP2			DYSF			IFITM10
1376			GFRA3			CEBPA			LINC00839
1377			SOX30			NFASC			PLOD1
1378			NRG1			ABCB1			SRGAP3
1379			SUB1			PI16			EDA
1380			ACSL4			PRDM13			ZNF383
1381			CDKN2AIPNL			MPO			VIM
1382			DCLRE1B			JPH2			ZDHHC9
1383			CMC2			CORO2A			SNHG4
1384			SH3PXD2A.AS1			PHOSPHO1			TMEM178A
1385			COL22A1			CHRNA3			MEGF11
1386			CEMP1			HDAC9			STAT5A
1387			ARID2			LAYN			CERCAM
1388			HHLA1			SLC19A3			DHRS1
1389			ANXA6			PPP1R14A			GRIP1
1390			IL36RN			LY6K			LINC00924
1391			RGS9			SLC17A9			SLC13A5
1392			CYB5A			PKP2			NPEPPS
1393			N4BP3			SPNS3			HMGB2
1394			LINC01010			EDN1			BIN2
1395			POLR3G			RASD1			FRRS1L
1396			PCDH20			CDA			TMEM176B
1397			SNHG1			ARL6			SNHG18
1398			RALGPS1			SNHG5			CBY1
1399			NPPC			CD3D			CYP2J2
1400			CATSPER2			SYNE2			ZNF470
1401			NUP88			TCOF1			COL7A1
1402			IRF9			SYNGR1			PPP1R9B
1403			USP15			ADRB2			TEX19
1404			COMP			XAF1			GPR162
1405			ZNF345			RIMS4			OXGR1
1406			SLC5A12			ACAP3			LHX1
1407			PDZD7			USP45			IL10RA
1408			TNFAIP3			PABPC1L			CRABP1
1409			MAT1A			PTCH1			GLUL
1410			TMEM163			RARS2			RHOBTB3
1411			TMEM14B			CFAP221			TRIM15
1412			PABPC5			SLC45A1			PPP1R1A
1413			SHC3			STON2			FAM171B
1414			CCDC102A			ZNF880			GSN
1415			HOXA4			SMIM4			BCL11B
1416			GRB14			CDC42SE2			SECTM1
1417			STX4			KHDC1			HBEGF
1418			QPRT			RSPH4A			SAMD11
1419			HHAT			DENND3			DHH
1420			ANKRD65			ZNF674.AS1			SVIP
1421			CYB5R2			CYP4F22			ANO1
1422			ESX1			ANKRD7			PODNL1
1423			SLC5A5			LCA5L			KIF20A
1424			TRANK1			EYA2			TYSND1
1425			GJA1			EMP1			DDX17
1426			PEX6			IRF6			SERPINF1
1427			PTGIS			MRM1			ZDHHC1
1428			MIR4458HG			PKN3			ZNF519
1429			KRT23			CNN1			ZNF554
1430			ABCA12			GPR176			CDH13
1431			ENOX2			ANOS1			VGLL1
1432			SOX9			VWA5A			CACNG4
1433			RNLS			GOLT1B			HLA.DQB1
1434			PTPRD			LINC00632			HPGD
1435			CYTH4			THBS4			P3H1
1436			ZNF140			APBA1			YIPF3
1437			SH3PXD2A			COL26A1			INHA
1438			CD82			GGH			UGT1A6
1439			TBC1D9B			HPCA			APOL3
1440			ELOVL2			DCLK1			TRIOBP
1441			SULF1			IFITM1			TIE1
1442			PDGFB			LINC01545			LRRC15
1443			MPP7			SCN1B			ACSL5
1444			DRAXIN			IFT52			YES1
1445			EVI2A			PCDH9			SDC2
1446			CPZ			RND1			MEGF9
1447			C1QBP			PCBP4			FAM214B
1448			NUDT10			ADGRE1			FPR3
1449			ACBD4			C1S			JAKMIP2
1450			DDR2			FOXRED2			SPTLC3
1451			CNRIP1			CRHR1			TIGD6
1452			GM2A			KCNA4			ZC3HAV1
1453			S100A3			KLHDC9			CD14
1454			ZFHX2			BIVM			PCP4L1
1455			DAPK1			EIF5A2			PTX3
1456			ZNF219			TM4SF1			CLCNKB
1457			CNTN1			LMLN			ASGR1
1458			IGFLR1			OVOL2			SYT7
1459			MOB3B			GDA			AZIN2
1460			NRG2			NMNAT3			MAOA
1461			GSDMD			FLRT2			ARG2
1462			MMP13			TNS1			FOXB1
1463			DNTTIP1			AMPH			HACD4
1464			INA			NRXN2			JPH4
1465			IFI44L			FRMD5			RIN3
1466			PTPRU			NDST1			GPSM2
1467			CPM			MZT1			GPR15
1468			MRC2			SAMD15			TBC1D32
1469			SARDH			DLEU2			SEMA3G
1470			SSR4P1			ESPN			ZNF418
1471			ANKRD34A			FAM151A			CRLF1
1472			SPP1			DNASE1L3			GCA
1473			GPRIN3			TNIP1			NSG1
1474			ZBTB47			ZNF415			EEF1A2
1475			IRAK4			FRZB			CXCR2
1476			S100A2			LIFR.AS1			PDE3B
1477			DLX4			DTL			PCDHB3
1478			SLC17A7			TCP11			PER3
1479			RAD21.AS1			NCKAP1L			EPHA7
1480			CSAD			NEGR1			ARHGAP31
1481			ZNF567			GPM6B			EMILIN3
1482			GPHA2			CILP2			CD74
1483			TDRD6			RBMS3			MGAM
1484			NKAIN2			CSGALNACT1			CYFIP2
1485			SPATA13			SPNS2			LSP1
1486			IL12RB2			RTN1			COL9A2
1487			CYSTM1			CAD			LEPR
1488			CLIP3			RCAN2			DYSF
1489			KRT7			SYCE2			ALOX12
1490			FAM43B			HCG18			NFASC
1491			C1GALT1C1L			FLT1			PI16
1492			TMEM200A			SLC26A1			PRDM13
1493			RPP40			SHD			MPO
1494			ITGA9			KCNJ8			PSMB9
1495			TRHDE.AS1			SCN4B			HDAC9
1496			COL4A1			SLC17A5			CHRNA3
1497			TGFB1I1			SRR			SLC19A3
1498			NTS			CORIN			PPP1R14A
1499			RHOJ			ZNF625			DAB2IP
1500			DHRS2			SIGLEC17P			HMGB1
1501			SCD5			AFF3			LY6K
1502			SRA1			GSTM3			SPNS3
1503			ROR2			RNF165			ATG14
1504			NEU2			PDLIM4			TM6SF1
1505			ALX3			HOXD10			EDN1
1506			NR5A2			TP53TG1			RASD1
1507			NLRC5			PLPPR4			ATP10D
1508			NUDT11			FAM83A			RPL30
1509			GPSM1			SAMD10			CDA
1510			TRAM1L1			SNX21			SNHG5
1511			GPR153			ISM1			PTER
1512			SYNPO2			NOTCH3			SYNGR1
1513			MAP1A			ARMC2			PHTF1
1514			ADGRB1			RBBP8			PCDH18
1515			BAG3			ABCG4			XAF1
1516			SHMT2			RUFY1			RIMS4
1517			ANXA10			LINC01271			LINC00847
1518			CFAP46			UBN2			NEBL
1519			CELSR2			VSTM4			ACAP3
1520			DERL3			FXYD6			ZNF132
1521			PHF24			SLC12A5			PABPC1L
1522			ONECUT2			HEYL			STON2
1523			ABCC2			CDK6			SLC45A1
1524			PKIB			OASL			ZNF880
1525			CYP1B1.AS1			TACC2			SLC16A1
1526			SHROOM4			PEG10			SALL4
1527			GIPC3			ATP6V1G2			TNN
1528			RAB11FIP3			PHF19			KHDC1
1529			CEP120			TMEM108			LAMTOR5.AS1
1530			H19			CSF1			ZNF674.AS1
1531			MICB			OPLAH			CD52
1532			LIPG			SMAD7			EFEMP1
1533			TRIM59			NAP1L5			CYP4F22
1534			LYRM4			SLA			HMX1
1535			SERPINA1			TBX3			PLEK2
1536			IGFBP4			MOXD1			EYA2
1537			BATF3			RUNDC3B			EXTL1
1538			SKI			AGR2			EMP1
1539			AKR1C2			EML5			MC4R
1540			HOXB8			ZNF717			CNN1
1541			AGA			ATP1A3			ANOS1
1542			VASH2			FAXC			LIMS2
1543			NCAN			NMD3			DHRS7
1544			CDH11			STARD5			THBS4
1545			FBN3			NDN			APBA1
1546			RDH12			WNT4			COL26A1
1547			RAB33A			KRT32			GGH
1548			ELFN1.AS1			RARB			SAMD5
1549			ANTXR2			CCDC181			TRPV3
1550			IL1R1			XPC			HPCA
1551			TGFB1			TIGD5			DCLK1
1552			CAMKV			ZNF280B			LINC01545
1553			DPYSL2			LINC01560			IGFL2
1554			TUB			ZSCAN18			PCDH9
1555			PAWR			FAM160A1			GRIN1
1556			TMEM121			DST			RND1
1557			ZNF214			POLB			EGR3
1558			UCHL3			THY1			XDH
1559			ADAMTS2			AJUBA			C1S
1560			ZNF71			HOXA5			SORT1
1561			ZNF43			MYH4			PCDHB15
1562			CDSN			MTHFD2			ATP1B1
1563			IER5L			MCTP2			KCNA4
1564			STAG2			GRAMD1B			NINL
1565			TRO			KIF5C			EIF5A2
1566			ALG13			TRIM4			TM4SF1
1567			SOST			LUZP2			SOX18
1568			RBPMS			TMEM147.AS1			DDIT3
1569			CITED4			HLF			OVOL2
1570			RELB			SYT8			SFRP1
1571			TAF13			RHOB			HCN3
1572			NTN3			MUC4			GDA
1573			PAK1IP1			KRTAP1.1			VAT1
1574			ROBO4			RNF144B			NRBP2
1575			IGFBP5			ADAMTSL3			MOV10
1576			MIS12			RNF139.AS1			FLRT2
1577			SLITRK5			ITPKC			TNS1
1578			BCAS2			IL11			AFF2
1579			SLCO2A1			KIF5A			PDE1C
1580			SDK1			RIN2			AMPH
1581			CD19			TUBA1A			GNAT2
1582			PLPPR1			DLX2			ODF3B
1583			S100A16			CD36			PRELP
1584			FAM43A			SMCO4			TENM1
1585			DNER			MROH6			TBC1D9
1586			KNDC1			IL4R			MZT1
1587			ZNF420			NOS2			TPH2
1588			ALOX15B			HLA.DRA			DLEU2
1589			CACNG7			FUT1			CHAD
1590			UNC13A			VNN2			KIAA0513
1591			CNIH3			CPEB2			TNIP1
1592			BHLHE41			RTBDN			FRZB
1593			NREP			ULBP1			LIFR.AS1
1594			CELF5			KIF13A			TCP11
1595			ANKLE1			PRRT3			NCKAP1L
1596			FGF5			KIF1A			GPM6B
1597			FRMPD4			IGFBP2			TRIM5
1598			GXYLT1			RXRA			CILP2
1599			HCN4			ASXL3			ITGA6
1600			EML1			KYNU			CDH10
1601			PRPS1			DMRT2			SPNS2
1602			ZC3H12A			TGFBRAP1			RBM26.AS1
1603			TTBK1			OAS3			RTN1
1604			ANKRD30A			ECEL1			EFHC1
1605			SPSB4			FBXL16			REG1B
1606			NUAK1			SPTAN1			RCAN2
1607			ITGB8			CLDN1			MXD4
1608			CYP46A1			PXYLP1			SYCE2
1609			KLHL29			ADAM19			ALOXE3
1610			LINC01315			DPYSL4			DHX33
1611			IL15			XYLT1			UAP1L1
1612			RPS19			FOXA2			FLT1
1613			FOXE1			GFRA3			PLXNC1
1614			KCNJ2			NRG1			SHD
1615			SEC31B			GK5			FAM131B
1616			EREG			CDKN2AIPNL			KCNJ8
1617			PLXNA4			SH3PXD2A.AS1			SLC17A5
1618			CDC42EP2			CEMP1			KCNK2
1619			FAM89B			HHLA1			AFAP1
1620			FAM122C			ZSCAN16			SRR
1621			SOX21			TRAM2			SIAE
1622			ARMCX5			ANXA6			FAT2
1623			ZNF462			ISL1			CORIN
1624			SLC9A2			FGFBP1			ZNF625
1625			F2R			RUNDC3A.AS1			SIGLEC17P
1626			MYO18B			CMSS1			AFF3
1627			NRXN1			POLR3G			RNF165
1628			VTCN1			PCDH20			KMO
1629			RHCG			PLEC			RAI1
1630			ZNF529.AS1			TMEM130			TRABD2A
1631			ZNF365			NPPC			THEG
1632			SLC1A4			FAM162B			PDLIM4
1633			TNFSF15			ZNF345			HOXD10
1634			LINC01341			MAT1A			IQCK
1635			DDX60			TNFAIP3			SMAD9
1636			DNAJB5			OTP			TP53TG1
1637			HSPA13			PDCD10			ODC1
1638			KCNS3			SIX1			PLPPR4
1639			PLPP4			SHC3			FAM83A
1640			YEATS4			SKP2			TYMS
1641			CUX2			UPK2			CALCB
1642			ARHGEF40			OSR2			RBBP8
1643			OPTN			HOXA4			RUFY1
1644			PCDHB4			CCDC102A			EFR3B
1645			STX11			NRCAM			LINC01271
1646			HS3ST3A1			IL21R			VSTM4
1647			DNMT3B			TREM1			FXYD6
1648			TXNDC15			TAB1			SLC12A5
1649			PLAC1			GRB14			HEYL
1650			PLAUR			QPRT			CDK6
1651			FAM122B			KCNQ2			OASL
1652			ACTL10			SCN4A			SYNPO
1653			IFRD1			ANKRD65			TTN
1654			RTKN			ZNF91			TACC2
1655			RASSF2			GJA1			PEG10
1656			BCAR3			VANGL2			AADAT
1657			NTRK2			PEX6			UNC5B
1658			F12			PTGIS			OPLAH
1659			ZBED2			CBR3			SLA
1660			BEAN1			LGI3			VEGFA
1661			LAPTM5			MIR4458HG			TBX3
1662			LINC01537			TPM1			AGR2
1663			EYA4			TPK1			USP49
1664			SLC25A21			TMEM164			MIRLET7BHG
1665			ALDH3B1			KRT23			PDE4B
1666			VGLL2			EIF4E3			ANXA9
1667			SLC14A1			LHX9			USP44
1668			HOXD11			RNASE1			STARD5
1669			KIF21A			PTPRD			TRIB2
1670			XKRX			FAM229B			SPATA2L
1671			MAP6			KIF3A			NDN
1672			FGFR1OP2			CA8			ETV1
1673			CCDC170			SH3PXD2A			RARB
1674			HEY2			PDGFB			CCDC181
1675			TSPAN8			HOXD3			XPC
1676			STC1			FAM135A			TIGD5
1677			TGFB2			TRIM22			ZNF280B
1678			FJX1			TMEM179B			IL23A
1679			PRMT6			NUDT10			PSMB8.AS1
1680			IL18			DDR2			DST
1681			NPTX2			HSPA1A			ABCC11
1682			CRABP2			RBM11			RNF125
1683			TGM1			GM2A			GCSAM
1684			GPR61			PRKG1			THY1
1685			GGACT			KLHL5			PCDHB14
1686			IGFBP3			DAPK1			AJUBA
1687			AMMECR1			ZNF219			MTHFD2
1688			SYCP2L			IL13RA2			MYH4
1689			TNS3			CNTN1			HOXA5
1690			DCDC2			CXCL16			CACNG6
1691			CNTNAP2			WNT3			GRAMD1B
1692			ARL4C			MOB3B			TRIM4
1693			EPHB6			MMP13			KRTAP4.9
1694			DLG5			RAD9B			LIMCH1
1695			ADGRL2			MDFI			LUZP2
1696			SERTAD1			INA			ARHGEF9
1697			PAMR1			IFI44L			TMEM147.AS1
1698			PTGER2			CPM			HLF
1699			LINC01096			LINC01588			VPS28
1700			TMEM106C			GLUD2			SYT8
1701			TUBE1			BRPF3			ATP8A2
1702			HOXA2			SSR4P1			MUC4
1703			ELL2			ANKRD34A			KRTAP1.1
1704			CYGB			PLEKHF2			ITPKC
1705			CADM2			SPP1			KIF5A
1706			NDUFA9			GPRIN3			CCDC134
1707			OPRK1			BHLHE40			TMEM61
1708			ANKEF1			S100A2			RIN2
1709			COQ3			DLX4			CSTB
1710			KCNN2			SLC17A7			DLX2
1711			ADAMTS12			ATRNL1			CD36
1712			ADPRM			CCBE1			MROH6
1713			MAGI2.AS3			SPATA32			POMT1
1714			ST3GAL4			ADAMTS1			SCUBE1
1715			SOGA3			NKAIN2			IL4R
1716			TATDN1			TCF7L1			NOS2
1717			SAMD3			RHPN2			HLA.DRA
1718			NSMCE2			IL12RB2			PLEKHB1
1719			GINS2			CYSTM1			FUT1
1720			NT5C3B			RLBP1			IGF2BP2.AS1
1721			CD68			PACRGL			LBX2.AS1
1722			ANKS1B			C1GALT1C1L			ALKBH2
1723			SH3GL2			FAM43B			TBX4
1724			FUCA1			SSUH2			CPEB2
1725			FST			DAGLA			MRPL42
1726			IL1B			TMEM200A			RTBDN
1727			TFR2			RPP40			ULBP1
1728			IFIT3			POF1B			KIF13A
1729			SDR16C5			TRHDE.AS1			PRRT3
1730			LINC00665			ZNF280A			NFATC2
1731			NOS1			KCNK5			KIF1A
1732			KANSL2			TMPRSS4			RXRA
1733			CYP4X1			COL4A1			ZNF585B
1734			LAG3			BCAN			ASXL3
1735			UCN2			STK39			KYNU
1736			FZD8			TGFB1I1			NXPH3
1737			ERVFRD.1			SERPIND1			DMRT2
1738			TECTA			GLI2			PINK1
1739			CYP24A1			LYG1			CREB5
1740			GPR39			GAS6			ECEL1
1741			PAH			DIS3L			FBN1
1742			HINT1			NTS			PLPP7
1743			UBE2C			TTLL7			RHOF
1744			SP8			A4GALT			PKDCC
1745			PINLYP			DHRS2			GALT
1746			CLCF1			SRA1			CLDN1
1747			SPRY4			FGF14.AS2			TCEA3
1748			CNKSR2			LRRC3			EIF4EBP1
1749			KLHDC7A			TMEM151A			CTSD
1750			SYNGR3			NXF3			BRSK2
1751			YAF2			SLC36A4			DPYSL4
1752			SEMA3E			NR5A2			XYLT1
1753			MMD2			TMEM30A			GFRA3
1754						NLRC5			SOX30
1755						NUDT11			ZEB2
1756						GKN1			GK5
1757						TUBB2A			COL1A2
1758						TRAM1L1			TMEM26.AS1
1759						KCNK15			SERPINB8
1760						MAP1A			CDKN2AIPNL
1761						ZNF583			DCLRE1B
1762						PCSK9			DPEP1
1763						KDSR			SH3PXD2A.AS1
1764						CYP2E1			MYOM2
1765						BAG3			HHLA1
1766						KLF4			TRAM2
1767						GAS2			ANXA6
1768						SKIL			IL36RN
1769						CELSR2			ISL1
1770						ACOX2			RUNDC3A.AS1
1771						MIR4300HG			POLR3G
1772						ADAP2			PCDH20
1773						LOH12CR2			CYP11A1
1774						ZNF461			TMEM130
1775						ZNF83			HOXC4
1776						PHF24			SNHG1
1777						ONECUT2			NPPC
1778						ABCC2			FAM162B
1779						LAD1			NUP88
1780						PRR15			COMP
1781						CYP1B1.AS1			ZNF345
1782						SHROOM4			MAT1A
1783						FHL1			TNFAIP3
1784						H19			PPP1CC
1785						SERPINA1			PPP1R1B
1786						CRIM1			BMX
1787						PRRX2			SHC3
1788						IGFBP4			UPK2
1789						SKI			NRCAM
1790						AKR1C2			IL21R
1791						STAMBPL1			TREM1
1792						CEP57L1			TAB1
1793						HSPA6			GRB14
1794						ADAMTS15			STX4
1795						ZNF582.AS1			QPRT
1796						VSIG1			KCNQ2
1797						PRSS23			SCN4A
1798						EPDR1			CYB5R2
1799						CPNE4			ANKRD65
1800						TPRG1L			SLC5A5
1801						STOM			ZNF91
1802						CEP70			TNXB
1803						DUSP2			DUOXA2
1804						SLC25A45			GJA1
1805						HR			MAP3K12
1806						TGFB1			NADSYN1
1807						ME3			SHARPIN
1808						CAMKV			VANGL2
1809						DPYSL2			PEX6
1810						THEM6			CBR3
1811						CABLES1			RHOV
1812						SGCZ			PIK3AP1
1813						ZNF711			CA2
1814						PREX1			KRT23
1815						DES			ABCA12
1816						GALNT5			AIM2
1817						CHIC2			SOX9
1818						OTUD7A			RNASE1
1819						MCF2L2			P3H2
1820						FER1L4			RTTN
1821						SNX4			GOLGB1
1822						GGT3P			MYL5
1823						ZNF43			ZNF140
1824						SOX2			CENPU
1825						AKR1C3			ACTG1
1826						ZBTB20			GATM
1827						GANC			BEGAIN
1828						MRGPRF			SH3PXD2A
1829						CRCT1			TBC1D9B
1830						DACH2			ELOVL2
1831						PPFIBP2			PDGFB
1832						TRAF3IP2.AS1			KLHDC1
1833						AK5			HLA.DOA
1834						MED12L			FAM135A
1835						ADAP1			DRAXIN
1836						SOST			TNFAIP2
1837						ST3GAL1			TRIM22
1838						CCM2L			ACE2
1839						ACTG2			C1QBP
1840						CITED4			NUDT10
1841						TAF13			MYOZ1
1842						ZNF680			BRINP3
1843						APOL6			DDR2
1844						EHBP1L1			HSPA1A
1845						PRRG4			ANXA1
1846						BCAS2			KLHL5
1847						CD101			GM2A
1848						SLCO2A1			TCTEX1D1
1849						CD19			LINC01252
1850						ATP8B4			DAPK1
1851						KCNIP3			PDHX
1852						S100A16			IL13RA2
1853						AP2A2			FAM83B
1854						DNER			CNTN1
1855						FAM43A			MOB3B
1856						ZNF420			NRG2
1857						GNPDA2			LOX
1858						PCDH10			INA
1859						CACNG7			IFI44L
1860						UNC13A			GLUD2
1861						CNIH3			BRPF3
1862						NREP			ANKRD34A
1863						ANKLE1			PLEKHF2
1864						HOXD12			GPRIN3
1865						FGF5			ZBTB47
1866						LINC00645			DLX4
1867						GXYLT1			PECAM1
1868						MIR100HG			TCF4
1869						HCN4			ATRNL1
1870						SSTR5			GPHA2
1871						WWC2			PDGFA
1872						ZC3H12A			FRMD4B
1873						TTBK1			NKAIN2
1874						KBTBD8			SPATA13
1875						ANKRD30A			IL12RB2
1876						ATP11B			CYSTM1
1877						NUAK1			RLBP1
1878						ITGB8			FAM43B
1879						FLOT2			TMBIM1
1880						RTN4RL1			RGS4
1881						HSPA1B			TMEM200A
1882						LINC01315			POF1B
1883						OTUD1			TRHDE.AS1
1884						IL15			ZNF280A
1885						FOXE1			TMPRSS4
1886						KCNJ2			BCAN
1887						CFAP161			CENPM
1888						DNAJC28			SERPIND1
1889						TTLL11			GLI2
1890						NFKB1			LYG1
1891						PLXNA4			NTS
1892						FAM89B			A4GALT
1893						SOX21			DHRS2
1894						MORN3			SRA1
1895						FRMD6			EVC2
1896						KCNC1			TMEM151A
1897						ZNF462			AKAP6
1898						SNTB1			NFRKB
1899						KCNT1			NXF3
1900						SAT1			SLC9B2
1901						TIMP1			DNAH12
1902						GLI4			NR5A2
1903						NRXN1			CASP14
1904						HMGN3			NUDT11
1905						VTCN1			METTL4
1906						SYT12			GPR153
1907						ZNF529.AS1			S1PR1
1908						PHF10			KCNK15
1909						NPR1			MAP1A
1910						TNFSF15			PALLD
1911						ZNF709			RAP2C.AS1
1912						LINC01341			PCSK9
1913						DDX60			ADGRB1
1914						GOLGA7B			CYP2E1
1915						PGAP2			KLF4
1916						DNAJB5			SHMT2
1917						HSPA13			GAS2
1918						KCNS3			LINGO2
1919						PLPP4			SKIL
1920						LCK			KCNJ11
1921						ABCC6P1			CELSR2
1922						PCED1B.AS1			ACOX2
1923						SFT2D1			CLDN11
1924						CUX2			ONECUT2
1925						NOTCH4			ABCC2
1926						FAM162A			SPAG9
1927						PNPLA5			PRR15
1928						HYI			CYP1B1.AS1
1929						ARHGEF40			LINC00265
1930						BHMT2			SHROOM4
1931						STX11			GIPC3
1932						DLX5			ESRRG
1933						HS3ST3A1			DLGAP1.AS1
1934						ERMARD			MICB
1935						ISYNA1			LIPG
1936						GTDC1			TRIM59
1937						CREB3L1			SERPINA1
1938						PLAC1			AKR1C2
1939						PLAUR			STAMBPL1
1940						KIAA1328			ST3GAL3
1941						ABHD4			ADAMTS15
1942						BCAR3			LHFPL4
1943						FAM8A1			KIAA1614
1944						LINC01583			CDH11
1945						ZBED2			ATP10A
1946						TRAF2			RDH12
1947						EYA4			FOXA3
1948						HOXD11			TPRG1L
1949						CCDC13			EPDR1
1950						PCDH19			CPNE4
1951						CELSR1			DUSP2
1952						QSOX1			TMEM125
1953						LY6G5B			AHCY
1954						C1QTNF6			PNRC1
1955						PIGZ			RAB33A
1956						CCDC170			ELFN1.AS1
1957						HEY2			ANTXR2
1958						ENPP1			HR
1959						TSPAN8			TGFB1
1960						THSD7A			CAMKV
1961						STC1			DPYSL2
1962						FGD3			PAWR
1963						COX11			TMEM121
1964						TTLL6			FOXQ1
1965						TGFB2			GPT
1966						FJX1			ZNF214
1967						NES			SGCZ
1968						MYH13			PREX1
1969						ITGA5			IZUMO4
1970						SEMA3C			GALNT5
1971						CTDSPL			MCF2L2
1972						TGM4			FER1L4
1973						CRABP2			HTRA3
1974						ZNF506			ZNF43
1975						GPR61			SOX2
1976						LIFR			ZBTB20
1977						IGFBP3			RMDN1
1978						ZNF235			INTS8
1979						DRP2			MRGPRF
1980						TNS3			CRCT1
1981						DCDC2			ZNF480
1982						ARL4C			PPFIBP2
1983						EPHB6			LRP8
1984						DLG5			WNT9A
1985						CYP3A7			THOC1
1986						PIK3C2G			MED12L
1987						SERTAD1			ADAP1
1988						LYRM2			SOST
1989						TUBE1			ST3GAL1
1990						ELL2			NEURL1
1991						OSBPL10			CCM2L
1992						L1CAM			ACTG2
1993						SFTPD			TAF13
1994						OPRK1			ZNF680
1995						GPRC5D			ASIC2
1996						ANKEF1			NTN3
1997						KIF6			APOL6
1998						COQ3			LAT
1999						URB1.AS1			SYT3
2000						ADAMTS12			IGFBP5
2001						MAGEF1			EHBP1L1
2002						MAGI2.AS3			MIS12
2003						SOGA3			BCAS2
2004						GPC2			KLHDC8A
2005						IL20RB			CD101
2006						HYKK			SLCO2A1
2007						ST6GALNAC3			CIART
2008						GPNMB			NKX2.2
2009						WDR27			SHPK
2010						CD68			SDK1
2011						RGS16			CD19
2012						MEST			ATP8B4
2013						FST			AP2A2
2014						MAPK10			DNER
2015						CPLX1			FAM43A
2016						IFIT3			CACNG7
2017						MYRFL			UNC13A
2018						SCNN1B			CCDC30
2019						CDX2			CNIH3
2020						LINC00665			CELF5
2021						NRIP1			PIF1
2022						C1D			TOMM34
2023						CARD10			FGF5
2024						NOS1			LINC00645
2025						GRIK2			GXYLT1
2026						OSCP1			HCN4
2027						LAG3			EML1
2028						TCL6			SPATA20
2029						LIN7B			SSTR5
2030						LOXL2			PUS10
2031						FZD8			EBF4
2032						FLII			NRIP3
2033						CYP24A1			TTBK1
2034						GPR39			NUAK1
2035						MYO5C			ITGB8
2036						KPNA5			PLP2
2037						SLCO3A1			RTN4RL1
2038						GDF11			IPO7
2039						GPAT3			HSPA1B
2040						EPHX4			LINC01315
2041						CLCF1			UPP1
2042						SULF2			OTUD1
2043						ITGB1BP2			IL15
2044						CNKSR2			NUP62CL
2045						KLHDC7A			FOXE1
2046						PLLP			IDNK
2047						SYNGR3			KCNJ2
2048						RORB			SEC31B
2049						PRKAG2.AS1			FAM89B
2050						ANTXR1			SOX21
2051						RASA2			KCNC1
2052						SEMA3E			ZNF462
2053									KCNT1
2054									KRT83
2055									F2R
2056									FBXO25
2057									GLI4
2058									MST1R
2059									NRXN1
2060									NETO2
2061									LRRN2
2062									GDF15
2063									FAR2
2064									VTCN1
2065									SYT12
2066									SLC6A6
2067									PHF10
2068									NPR1
2069									ELL3
2070									TNFSF15
2071									FKBP15
2072									ZNF709
2073									LBX1.AS1
2074									LINC01341
2075									DDX60
2076									BFSP1
2077									PGAP2
2078									HSPA13
2079									PLPP4
2080									LCK
2081									ABCC6P1
2082									YEATS4
2083									PCED1B.AS1
2084									SFT2D1
2085									PNPLA5
2086									ECT2
2087									ARHGEF40
2088									KIAA0825
2089									CCNT2.AS1
2090									LINC00467
2091									OPTN
2092									HOXB4
2093									PCDHB4
2094									BHMT2
2095									HS3ST3A1
2096									ERMARD
2097									ATP6V0E1
2098									SLC51A
2099									COBL
2100									ASNS
2101									CREB3L1
2102									PLAUR
2103									PLAC1
2104									GOT1
2105									KLF15
2106									RTKN
2107									BCAR3
2108									DGKB
2109									LINC01583
2110									ZNF80
2111									MAPK15
2112									BEAN1
2113									LINC01537
2114									CSRNP3
2115									ALDH3B1
2116									HOXD11
2117									MSR1
2118									PI4KA
2119									CELSR1
2120									TSPAN8
2121									ACACB
2122									LINC00470
2123									NES
2124									MYH13
2125									PRMT6
2126									NUDT15
2127									CTDSPL
2128									CRABP2
2129									ACAN
2130									MAPT
2131									MIR210HG
2132									GPR61
2133									GGACT
2134									EEF1A1
2135									DCDC2
2136									TNS3
2137									CNTNAP2
2138									ARL4C
2139									DLG5
2140									TSPYL2
2141									CYP3A7
2142									ADGRL2
2143									LINC01096
2144									ELL2
2145									OSBPL10
2146									FOXJ1
2147									NLRP1
2148									CADM2
2149									NEO1
2150									OPRK1
2151									ANKEF1
2152									GPRC5D
2153									ASB16.AS1
2154									KIF6
2155									ADAMTS12
2156									TAGLN
2157									MAGI2.AS3
2158									SOGA3
2159									APC2
2160									ABCA13
2161									IL20RB
2162									COL6A1
2163									PACSIN1
2164									GPNMB
2165									WDR27
2166									GINS2
2167									CD68
2168									RGS16
2169									FUCA1
2170									FST
2171									MAPK10
2172									CPLX1
2173									IFIT3
2174									CDX2
2175									RASIP1
2176									LINC00665
2177									NRIP1
2178									CARD10
2179									NOS1
2180									LAG3
2181									UCN2
2182									TCL6
2183									FZD8
2184									ERVFRD.1
2185									DGKG
2186									CYP24A1
2187									GPR39
2188									LINC00638
2189									COLGALT2
2190									CSAG3
2191									UBE2C
2192									ACAP1
2193									SP8
2194									SLCO3A1
2195									GDF11
2196									PINLYP
2197									EPHX4
2198									FAM216A
2199									FBXL4
2200									CLCF1
2201									SULF2
2202									GUCA1B
2203									ITGB1BP2
2204									RASSF6
2205									CNKSR2
2206									KLHDC7A
2207									PLLP
2208									PRKAG2.AS1
2209									ANTXR1
2210									PTGS2
2211									DOC2A
2212									SEMA3E
2213									MEG9
2214									FGD5
2215									FOXD2.AS1
2216									DEPDC1
